<?xml version="1.0" encoding="utf-8"?>
<doctrine-mapping xmlns="http://doctrine-project.org/schemas/orm/doctrine-mapping" xmlns:xsi="http://www.w3.org/2001/XMLSchema-instance" xsi:schemaLocation="http://doctrine-project.org/schemas/orm/doctrine-mapping http://doctrine-project.org/schemas/orm/doctrine-mapping.xsd">
  <entity name="Candidatos" table="candidatos">
    <id name="id" type="integer" column="id">
      <generator strategy="SEQUENCE"/>
    </id>
    <field name="trabajandoid" type="bigint" column="trabajandoid" nullable="false"/>
    <field name="nombre" type="string" column="nombre" length="255" nullable="false"/>
    <field name="apellido" type="string" column="apellido" length="255" nullable="false"/>
    <field name="fecha" type="datetime" column="fecha" nullable="false"/>
  </entity>
</doctrine-mapping>
