<?xml version="1.0" encoding="utf-8"?>
<doctrine-mapping xmlns="http://doctrine-project.org/schemas/orm/doctrine-mapping" xmlns:xsi="http://www.w3.org/2001/XMLSchema-instance" xsi:schemaLocation="http://doctrine-project.org/schemas/orm/doctrine-mapping http://doctrine-project.org/schemas/orm/doctrine-mapping.xsd">
  <entity name="ClientePaqueteSms" table="cliente_paquete_sms">
    <indexes>
      <index name="IDX_BE1077FC3A24FDC" columns="paquete_sms_id"/>
      <index name="IDX_BE1077FCDE734E51" columns="cliente_id"/>
    </indexes>
    <id name="id" type="bigint" column="id">
      <generator strategy="SEQUENCE"/>
    </id>
    <field name="fecha" type="datetime" column="fecha" nullable="false"/>
    <many-to-one field="cliente" target-entity="Clientes">
      <join-columns>
        <join-column name="cliente_id" referenced-column-name="id"/>
      </join-columns>
    </many-to-one>
    <many-to-one field="paqueteSms" target-entity="PaqueteSms">
      <join-columns>
        <join-column name="paquete_sms_id" referenced-column-name="id"/>
      </join-columns>
    </many-to-one>
  </entity>
</doctrine-mapping>
