<?xml version="1.0" encoding="utf-8"?>
<doctrine-mapping xmlns="http://doctrine-project.org/schemas/orm/doctrine-mapping" xmlns:xsi="http://www.w3.org/2001/XMLSchema-instance" xsi:schemaLocation="http://doctrine-project.org/schemas/orm/doctrine-mapping http://doctrine-project.org/schemas/orm/doctrine-mapping.xsd">
  <entity name="EmpresaBolsaSms" table="empresa_bolsa_sms">
    <indexes>
      <index name="IDX_28956676521E1991" columns="empresa_id"/>
      <index name="IDX_28956676BB27AB50" columns="bolsa_sms_id"/>
    </indexes>
    <id name="id" type="bigint" column="id">
      <generator strategy="SEQUENCE"/>
    </id>
    <field name="fecha" type="datetime" column="fecha" nullable="false"/>
    <many-to-one field="bolsaSms" target-entity="BolsaSms">
      <join-columns>
        <join-column name="bolsa_sms_id" referenced-column-name="id"/>
      </join-columns>
    </many-to-one>
    <many-to-one field="empresa" target-entity="Empresas">
      <join-columns>
        <join-column name="empresa_id" referenced-column-name="id"/>
      </join-columns>
    </many-to-one>
  </entity>
</doctrine-mapping>
