<?xml version="1.0" encoding="utf-8"?>
<doctrine-mapping xmlns="http://doctrine-project.org/schemas/orm/doctrine-mapping" xmlns:xsi="http://www.w3.org/2001/XMLSchema-instance" xsi:schemaLocation="http://doctrine-project.org/schemas/orm/doctrine-mapping http://doctrine-project.org/schemas/orm/doctrine-mapping.xsd">
  <entity name="Postulacion" table="postulacion">
    <indexes>
      <index name="idx_17b321bd9bc276e5" columns="id_envio"/>
    </indexes>
    <id name="id" type="bigint" column="id">
      <generator strategy="SEQUENCE"/>
    </id>
    <field name="mensaje" type="string" column="mensaje" length="160" nullable="false"/>
    <field name="status" type="smallint" column="status" nullable="false"/>
    <field name="fechaCarga" type="datetime" column="fecha_carga" nullable="false"/>
    <field name="fono" type="string" column="fono" length="255" nullable="false"/>
    <field name="mensajeRepuesta" type="string" column="mensaje_repuesta" length="160" nullable="true"/>
    <field name="fechaRepuesta" type="datetime" column="fecha_repuesta" nullable="true"/>
    <field name="statusRepuesta" type="smallint" column="status_repuesta" nullable="true"/>
    <field name="idOpratel" type="string" column="id_opratel" length="160" nullable="true"/>
    <field name="mensajeRepuestaTrabajando" type="string" column="mensaje_repuesta_trabajando" length="255" nullable="true"/>
    <field name="statusRepuestaTrabajando" type="string" column="status_repuesta_trabajando" length="10" nullable="true"/>
    <many-to-one field="idEnvio" target-entity="Envios">
      <join-columns>
        <join-column name="id_envio" referenced-column-name="id"/>
      </join-columns>
    </many-to-one>
  </entity>
</doctrine-mapping>
