<?xml version="1.0" encoding="utf-8"?>
<doctrine-mapping xmlns="http://doctrine-project.org/schemas/orm/doctrine-mapping" xmlns:xsi="http://www.w3.org/2001/XMLSchema-instance" xsi:schemaLocation="http://doctrine-project.org/schemas/orm/doctrine-mapping http://doctrine-project.org/schemas/orm/doctrine-mapping.xsd">
  <entity name="Telefonos" table="telefonos">
    <indexes>
      <index name="idx_5984c60ffe0067e5" columns="candidato_id"/>
    </indexes>
    <id name="id" type="integer" column="id">
      <generator strategy="SEQUENCE"/>
    </id>
    <field name="numero" type="string" column="numero" length="255" nullable="false"/>
    <field name="fecha" type="datetime" column="fecha" nullable="false"/>
    <many-to-one field="candidato" target-entity="Candidatos">
      <join-columns>
        <join-column name="candidato_id" referenced-column-name="id"/>
      </join-columns>
    </many-to-one>
  </entity>
</doctrine-mapping>
